item_id,item_name,department,min_amount,max_amount,return_recession,return_stable,return_growth,mandatory
I01,Raw materials,Production,48.7,48.7,1.182,1.182,1.182,True
I02,Equipment maintenance,Production,44.9,74.3,1.479,1.343,1.207,False
I03,Energy,Production,49.3,49.3,1.167,1.088,1.009,True
I04,Quality control,Production,28.5,141.2,1.421,1.243,1.065,False
I05,Digital advertising,Sales & Marketing,32.2,74.9,1.067,1.216,1.365,False
I06,Trade shows,Sales & Marketing,51.4,134.6,1.038,1.277,1.516,False
I07,Sales bonuses,Sales & Marketing,58.5,167.8,1.125,1.284,1.443,False
I08,CRM licences,Sales & Marketing,33.3,57.7,1.032,1.096,1.16,False
I09,Product prototyping,R&D,47.2,164.0,0.978,1.148,1.318,False
I10,Process automation,R&D,33.5,72.4,1.304,1.089,0.874,False
I11,Market research,R&D,21.3,108.3,1.038,1.181,1.324,False
I12,Infrastructure,IT,45.0,45.0,1.144,1.144,1.144,True
I13,Software licences,IT,50.2,108.9,1.2,1.136,1.072,False
I14,Cybersecurity,IT,17.0,57.0,1.087,1.052,1.017,False
I15,Staff training,HR & Training,43.2,133.7,1.337,1.284,1.231,False
I16,Recruitment,HR & Training,38.4,72.4,0.83,1.084,1.338,False
I17,Warehousing,Logistics,33.6,110.1,1.125,1.279,1.433,False
I18,Transport,Logistics,37.7,113.6,1.094,1.141,1.188,False
I19,Office rent,Administration,31.8,31.8,1.114,1.114,1.114,True
I20,Legal & audit,Administration,52.7,52.7,1.12,1.12,1.12,True
