item_id,item_name,department,recession,stable,growth,expected,robust
I01,Raw materials,Production,48.7,48.7,48.7,48.7,48.7
I02,Equipment maintenance,Production,74.3,74.3,74.3,74.3,74.3
I03,Energy,Production,49.3,49.3,49.3,49.3,49.3
I04,Quality control,Production,141.2,77.7,77.7,77.7,141.2
I05,Digital advertising,Sales & Marketing,32.2,32.2,32.2,32.2,32.2
I06,Trade shows,Sales & Marketing,51.4,51.4,126.0,51.4,51.4
I07,Sales bonuses,Sales & Marketing,58.5,133.1,58.5,133.1,74.44
I08,CRM licences,Sales & Marketing,33.3,33.3,33.3,33.3,33.3
I09,Product prototyping,R&D,47.2,47.2,47.2,47.2,47.2
I10,Process automation,R&D,72.4,33.5,33.5,33.5,58.66
I11,Market research,R&D,21.3,21.3,21.3,21.3,21.3
I12,Infrastructure,IT,45.0,45.0,45.0,45.0,45.0
I13,Software licences,IT,52.4,50.2,50.2,50.2,50.2
I14,Cybersecurity,IT,17.0,17.0,17.0,17.0,17.0
I15,Staff training,HR & Training,61.6,61.6,43.2,61.6,61.6
I16,Recruitment,HR & Training,38.4,38.4,38.4,38.4,38.4
I17,Warehousing,Logistics,33.6,63.6,82.0,63.6,33.6
I18,Transport,Logistics,37.7,37.7,37.7,37.7,37.7
I19,Office rent,Administration,31.8,31.8,31.8,31.8,31.8
I20,Legal & audit,Administration,52.7,52.7,52.7,52.7,52.7
