total_budget,status,objective,allocated,shadow_price
718.56,infeasible,,,
751.4235897435897,infeasible,,,
784.2871794871794,infeasible,,,
817.1507692307691,infeasible,,,
850.0143589743589,optimal,1008.3287528512819,850.014358974359,1.268395
882.8779487179486,optimal,1050.0127657641024,882.8779487179487,1.268395
915.7415384615384,optimal,1091.696778676923,915.7415384615384,1.268395
948.6051282051282,optimal,1133.3383023589743,948.6051282051282,1.266595
981.4687179487179,optimal,1174.9631608102563,981.4687179487178,1.266595
1014.3323076923076,optimal,1216.5880192615384,1014.3323076923076,1.266595
1047.1958974358972,optimal,1258.2128777128203,1047.1958974358972,1.266595
1080.0594871794872,optimal,1299.8377361641024,1080.0594871794872,1.266595
1112.923076923077,optimal,1341.4625946153844,1112.923076923077,1.266595
1145.7866666666666,optimal,1383.0416213333333,1145.7866666666666,1.2636500000000002
1178.6502564102564,optimal,1423.9168418358972,1178.6502564102564,1.2005599999999998
1211.513846153846,optimal,1463.3715531384616,1211.5138461538459,1.2005599999999998
1244.3774358974358,optimal,1502.8262644410256,1244.3774358974356,1.2005599999999998
1277.2410256410255,optimal,1514.3787300000004,1253.9999999999998,0.0
1310.1046153846153,optimal,1514.3787300000004,1253.9999999999998,0.0
1342.968205128205,optimal,1514.3787300000004,1253.9999999999998,0.0
1375.8317948717947,optimal,1514.3787300000004,1253.9999999999998,0.0
1408.6953846153847,optimal,1514.3787300000004,1253.9999999999998,0.0
1441.5589743589744,optimal,1514.3787300000004,1253.9999999999998,0.0
1474.4225641025641,optimal,1514.3787300000004,1253.9999999999998,0.0
1507.2861538461539,optimal,1514.3787300000004,1253.9999999999998,0.0
1540.1497435897436,optimal,1514.3787300000004,1253.9999999999998,0.0
1573.0133333333333,optimal,1514.3787300000004,1253.9999999999998,0.0
1605.876923076923,optimal,1514.3787300000004,1253.9999999999998,0.0
1638.7405128205128,optimal,1514.3787300000004,1253.9999999999998,0.0
1671.6041025641025,optimal,1514.3787300000004,1253.9999999999998,0.0
1704.4676923076922,optimal,1514.3787300000004,1253.9999999999998,0.0
1737.331282051282,optimal,1514.3787300000004,1253.9999999999998,0.0
1770.1948717948717,optimal,1514.3787300000004,1253.9999999999998,0.0
1803.0584615384614,optimal,1514.3787300000004,1253.9999999999998,0.0
1835.9220512820511,optimal,1514.3787300000004,1253.9999999999998,0.0
1868.7856410256409,optimal,1514.3787300000004,1253.9999999999998,0.0
1901.6492307692306,optimal,1514.3787300000004,1253.9999999999998,0.0
1934.5128205128203,optimal,1514.3787300000004,1253.9999999999998,0.0
1967.37641025641,optimal,1514.3787300000004,1253.9999999999998,0.0
2000.2399999999998,optimal,1514.3787300000004,1253.9999999999998,0.0
